{
  "exp1": {
    "q_learning": {
      "mean": 4.827510831355308,
      "std": 4.114394383728162
    },
    "dqn": {
      "mean": 25.345515515018313,
      "std": 7.34881170071555
    },
    "reinforce": {
      "mean": -2.1166878697142884,
      "std": 16.8560288558623
    }
  },
  "exp2": {
    "lr=0.0001": {
      "mean": 11.716389297142852,
      "std": 13.038306411707303
    },
    "lr=0.001": {
      "mean": 25.345515515018313,
      "std": 7.34881170071555
    },
    "lr=0.01": {
      "mean": 6.82269593201465,
      "std": 11.67338309185362
    }
  },
  "exp3": {
    "gamma=0.9": {
      "mean": 28.209228169992674,
      "std": 5.348075402961504
    },
    "gamma=0.95": {
      "mean": 25.345515515018313,
      "std": 7.34881170071555
    },
    "gamma=0.99": {
      "mean": 22.49158033986813,
      "std": 7.588153723777207
    }
  }
}